id,num_highlights
1,0
2,2
3,0
4,2
5,2
6,17
7,3
8,0
9,10
10,37
11,12
12,0
13,3
14,0
15,6
16,0
17,0
18,0
19,2
20,0
21,7
22,3
23,1
24,1
25,1
26,3
27,8
28,72
29,21
30,0
31,6
32,11
33,0
34,0
35,6
36,3
37,3
38,0
39,3
40,0
41,0
42,10
43,1
44,1
45,0
46,3
47,1
48,0
49,2
50,1
51,6
52,1
53,3
54,3
55,1
56,2
57,0
58,0
59,14
60,6
61,0
62,12
63,3
64,9
65,0
66,1
67,0
68,1
69,0
70,0
71,0
72,0
73,0
74,2
75,5
76,0
77,0
78,0
79,0
80,4
81,0
82,8
83,7
84,7
85,0
86,3
87,2
88,0
89,4
90,1
91,1
92,7
93,3
94,3
95,0
96,4
97,2
98,6
99,0
100,1
101,7
102,1
103,9
104,0
105,1
106,2
107,4
108,1
109,3
110,0
111,7
112,7
113,1
114,2
115,0
116,0
117,0
118,0
119,0
120,1
121,0
122,0
123,1
124,0
125,0
126,0
127,1
128,0
129,1
130,12
131,1
132,3
133,4
134,9
135,4
136,7
137,5
138,0
139,1
140,0
141,3
142,2
143,0
144,5
145,26
146,0
147,7
148,4
149,7
150,2
151,2
152,11
153,0
154,1
155,1
156,2
157,2
158,2
159,0
160,0
161,4
162,4
163,2
164,1
165,6
166,2
167,0
168,50
169,2
170,1
171,2
172,2
173,0
174,0
175,20
176,6
177,9
178,3
179,0
180,15
181,12
182,1
183,8
184,0
185,0
186,13
187,0
188,7
189,3
190,3
191,7
192,2
193,3
194,0
195,1
196,8
197,0
198,11
199,0
200,0
201,0
202,1
203,10
204,6
205,0
206,0
207,2
208,0
209,5
210,3
211,2
212,1
213,0
214,11
215,2
216,12
217,7
218,3
219,0
220,0
221,4
222,1
223,1
224,2
225,2
226,10
227,3
228,1
229,0
230,0
231,1
232,0
233,1
234,0
235,0
236,0
237,0
238,1
239,1
240,1
241,0
242,9
243,13
244,6
245,3
246,6
247,0
248,10
249,6
250,13
251,0
252,2
253,0
254,23
255,0
256,2
257,1
258,10
259,4
260,0
261,4
262,3
263,5
264,3
265,4
266,11
267,3
268,1
269,11
270,2
271,3
272,1
273,2
274,0
275,1
276,2
277,1
278,4
279,42
280,0
281,0
282,1
283,0
284,0
285,18
286,0
287,5
288,3
289,6
290,6
291,4
292,10
293,0
294,4
295,1
296,0
297,1
298,13
299,0
300,0
301,1
302,2
303,1
304,1
305,4
306,1
307,0
308,1
309,1
310,5
311,0
312,0
313,3
314,7
315,8
316,0
317,1
318,15
319,1
320,7
321,0
322,3
323,0
324,1
325,2
326,1
327,4
328,0
329,3
330,3
331,4
332,3
333,0
334,0
335,5
336,13
337,0
338,2
339,2
340,5
341,8
342,0
343,1
344,0
345,0
346,8
347,15
348,2
349,21
350,0
351,5
352,4
353,0
354,1
355,0
356,5
357,1
358,1
359,5
360,0
361,1
362,8
363,1
364,1
365,25
366,5
367,3
368,5
369,8
370,2
371,13
372,4
373,0
374,2
375,8
376,0
377,4
378,2
379,0
380,0
381,0
382,3
383,3
384,6
385,3
386,1
387,4
388,2
389,0
390,0
391,9
392,1
393,0
394,12
395,11
396,1
397,0
398,3
399,4
400,17
401,1
402,44
403,0
404,4
405,11
406,48
407,0
408,8
409,0
410,6
411,2
412,13
413,4
414,3
415,0
416,0
417,0
418,0
419,2
420,0
421,8
422,0
423,0
424,10
425,3
426,0
427,0
428,2
429,3
430,0
431,15
432,2
433,3
434,1
435,3
436,2
437,1
438,2
439,2
440,0
441,0
442,17
443,1
444,5
445,5
446,1
447,11
448,6
449,0
450,8
451,14
452,6
453,0
454,3
455,0
456,3
457,2
458,0
459,0
460,0
461,0
462,0
463,3
464,0
465,0
466,0
467,1
468,10
469,3
470,0
471,0
472,2
473,4
474,0
475,0
476,0
477,0
478,0
479,1
480,0
481,0
482,0
483,0
484,0
485,2
486,2
487,4
488,0
489,0
490,0
491,2
492,0
493,0
494,0
495,0
496,0
497,0
498,1
499,0
500,0
501,0
502,0
503,3
504,1
505,0
506,1
507,2
508,0
509,0
510,2
511,2
512,0
513,3
514,12
515,3
516,1
517,78
518,2
519,23
520,8
521,7
522,10
523,8
524,8
525,0
526,0
527,3
528,0
529,0
530,0
531,0
532,1
533,0
534,0
535,0
536,0
537,0
538,0
539,0
540,0
541,0
542,0
543,1
544,8
545,1
546,0
547,12
548,3
549,2
550,0
551,1
552,5
553,6
554,1
555,8
556,4
557,4
558,2
559,4
560,1
561,0
562,0
563,7
564,3
565,12
566,0
567,0
568,1
569,2
570,7
571,13
572,1
573,0
574,1
575,1
576,2
577,0
578,0
579,3
580,0
581,0
582,19
583,3
584,0
585,0
586,4
587,0
588,7
589,0
590,2
591,11
592,4
593,1
594,0
595,0
596,3
597,0
598,0
599,3
600,3
601,4
602,7
603,1
604,0
605,6
606,3
607,0
608,1
609,0
610,4
611,1
612,10
613,18
614,0
615,10
616,7
617,13
618,0
619,0
620,1
621,14
622,3
623,1
624,0
625,0
626,1
627,0
628,4
629,1
630,16
631,3
632,2
633,0
634,0
635,0
636,0
637,0
638,0
639,0
640,0
641,0
642,4
643,2
644,1
645,0
646,0
647,0
648,0
649,0
650,0
651,0
652,0
653,2
654,0
655,7
656,2
657,0
658,0
659,0
660,3
661,1
662,0
663,0
664,0
665,1
666,1
667,0
668,0
669,0
670,0
671,14
672,3
673,1
674,1
675,1
676,4
677,0
678,2
679,0
680,1
681,0
682,20
683,0
684,2
685,2
686,5
687,0
688,11
689,2
690,3
691,0
692,0
693,5
694,0
695,0
696,0
697,4
698,4
699,1
700,5
701,1
702,6
703,2
704,0
705,3
706,5
707,3
708,7
709,0
710,3
711,2
712,1
713,2
714,4
715,4
716,3
717,0
718,3
719,7
720,2
721,8
722,1
723,5
724,8
725,5
726,1
727,2
728,3
729,2
730,4
731,1
732,0
733,2
734,0
735,2
736,7
737,0
738,3
739,1
740,1
741,2
742,13
743,5
744,0
745,0
746,1
747,2
748,1
749,5
750,7
751,0
752,4
753,1
754,0
755,2
756,2
757,0
758,4
759,2
760,1
761,2
762,6
763,0
764,4
765,5
766,1
767,1
768,0
769,1
770,2
771,0
772,6
773,2
774,5
775,3
776,2
777,2
778,6
779,3
780,0
781,3
782,2
783,1
784,5
785,2
786,4
787,1
788,1
789,7
790,3
791,6
792,0
793,1
794,0
795,0
796,1
797,0
798,1
799,6
800,7
801,0
802,0
803,0
804,16
805,9
806,11
807,0
808,0
809,3
810,9
811,14
812,0
813,2
814,0
815,4
816,0
817,0
818,0
819,5
820,0
821,0
822,8
823,0
824,0
825,10
826,5
827,5
828,16
829,1
830,0
831,6
832,8
833,0
834,3
835,4
836,4
837,3
838,1
839,2
840,5
841,0
842,2
843,5
844,0
845,3
846,3
847,16
848,6
849,13
850,9
851,0
852,1
853,2
854,3
855,8
856,0
857,11
858,2
859,7
860,2
861,5
862,0
863,1
864,10
865,0
866,0
867,5
868,1
869,12
870,0
871,1
872,0
873,4
874,2
875,1
876,4
877,11
878,3
879,2
880,3
881,0
882,2
883,4
884,2
885,3
886,0
887,0
888,2
889,2
890,9
891,7
892,1
893,3
894,0
895,0
896,69
897,12
898,2
899,8
900,6
901,3
902,3
903,1
904,0
905,1
906,7
907,11
908,11
909,1
910,1
911,0
912,1
913,3
914,17
915,0
916,1
917,2
918,0
919,0
920,0
921,6
922,12
923,19
924,8
925,0
926,0
927,0
928,0
929,0
930,0
931,0
932,0
933,0
934,0
935,4
936,11
937,0
938,0
939,18
940,11
941,4
942,5
943,0
944,1
945,0
946,5
947,0
948,2
949,0
950,2
951,4
952,8
953,0
954,1
955,0
956,2
957,1
958,11
959,1
960,4
961,1
962,7
963,3
964,3
965,2
966,0
967,1
968,1
969,0
970,4
971,6
972,2
973,0
974,1
975,7
976,3
977,3
978,0
979,1
980,1
981,1
982,6
983,3
984,0
985,3
986,0
987,2
988,0
989,3
990,1
991,0
992,1
993,4
994,1
995,0
996,2
997,1
998,0
999,4
1000,0
1001,6
1002,3
1003,21
1004,8
1005,1
1006,4
1007,14
1008,3
1009,6
1010,0
1011,8
1012,9
1013,4
1014,4
1015,2
1016,0
1017,14
1018,0
1019,3
1020,3
1021,0
1022,7
1023,13
1024,0
1025,3
1026,0
1027,34
1028,8
1029,3
1030,1
1031,2
1032,1
1033,1
1034,8
1035,0
1036,0
1037,18
1038,17
1039,6
1040,11
1041,2
1042,0
1043,27
1044,0
1045,7
1046,1
1047,0
1048,3
1049,2
1050,2
1051,11
1052,0
1053,3
1054,2
1055,4
1056,2
1057,13
1058,10
1059,1
1060,2
1061,1
1062,0
1063,0
1064,1
1065,6
1066,2
1067,1
1068,0
1069,4
1070,2
1071,20
1072,8
1073,0
1074,0
1075,2
1076,9
1077,10
1078,2
1079,5
1080,3
1081,1
1082,2
1083,2
1084,1
1085,2
1086,1
1087,1
1088,0
1089,3
1090,0
1091,2
1092,1
1093,0
1094,2
1095,0
1096,1
1097,1
1098,1
1099,0
1100,2
1101,2
1102,1
1103,0
1104,24
1105,4
1106,3
1107,3
1108,1
1109,2
1110,1
1111,1
1112,4
1113,2
1114,2
1115,1
1116,2
1117,3
1118,1
1119,2
1120,3
1121,2
1122,7
1123,2
1124,1
1125,1
1126,0
1127,1
1128,1
1129,5
1130,7
1131,1
1132,0
1133,1
1134,4
1135,2
1136,0
1137,3
1138,0
1139,17
1140,4
1141,0
1142,1
1143,0
1144,6
1145,6
1146,0
1147,3
1148,12
1149,7
1150,0
1151,6
1152,11
1153,0
1154,8
1155,5
1156,0
1157,1
1158,10
1159,0
1160,1
1161,3
1162,0
1163,1
1164,0
1165,3
1166,30
1167,25
1168,5
1169,0
1170,4
1171,12
1172,11
1173,7
1174,0
1175,5
1176,2
1177,0
1178,0
1179,0
1180,0
1181,2
1182,1
1183,0
1184,0
1185,0
1186,2
1187,15
1188,2
1189,11
1190,5
1191,2
1192,2
1193,7
1194,2
1195,2
1196,0
1197,0
1198,1
1199,3
1200,0
1201,0
1202,1
1203,2
1204,1
1205,0
1206,9
1207,0
1208,0
1209,6
1210,7
1211,0
1212,2
1213,0
1214,6
1215,0
1216,1
1217,0
1218,4
1219,2
1220,7
1221,0
1222,2
1223,3
1224,0
1225,0
1226,1
1227,8
1228,0
1229,27
1230,10
1231,0
1232,0
1233,4
1234,0
1235,1
1236,0
1237,0
1238,1
1239,0
1240,1
1241,3
1242,0
1243,3
1244,2
1245,4
1246,0
1247,16
1248,10
1249,33
1250,0
1251,0
1252,1
1253,5
1254,2
1255,24
1256,0
1257,2
1258,3
1259,5
1260,0
1261,0
1262,0
1263,0
1264,0
1265,0
1266,0
1267,0
1268,0
1269,2
1270,1
1271,4
1272,8
1273,5
1274,0
1275,2
1276,6
1277,0
1278,69
1279,0
1280,0
1281,2
1282,0
1283,3
1284,3
1285,4
1286,0
1287,0
1288,1
1289,13
1290,2
1291,2
1292,2
1293,0
1294,6
1295,3
1296,0
1297,24
1298,0
1299,12
1300,2
1301,2
1302,2
1303,1
1304,1
1305,9
1306,4
1307,0
1308,0
1309,1
1310,1
1311,3
1312,0
1313,1
1314,3
1315,0
1316,6
1317,1
1318,5
1319,2
1320,16
1321,0
1322,1
1323,1
1324,0
1325,4
1326,0
1327,0
1328,0
1329,0
1330,0
1331,0
1332,0
1333,0
1334,2
1335,0
1336,0
1337,0
1338,0
1339,1
1340,0
1341,0
1342,0
1343,0
1344,0
1345,1
1346,0
1347,2
1348,0
1349,0
1350,0
1351,0
1352,0
1353,30
1354,15
1355,4
1356,3
1357,2
1358,0
1359,4
1360,0
1361,18
1362,7
1363,5
1364,2
1365,4
1366,1
1367,28
1368,0
1369,2
1370,0
1371,11
1372,8
1373,3
1374,0
1375,0
1376,0
1377,4
1378,3
1379,1
1380,1
1381,0
1382,0
1383,0
1384,3
1385,0
1386,0
1387,0
1388,3
1389,0
1390,0
1391,0
1392,0
1393,0
1394,2
1395,2
1396,1
1397,0
1398,0
1399,1
1400,1
1401,0
1402,1
1403,2
1404,0
1405,3
1406,0
1407,0
1408,0
1409,0
1410,4
1411,2
1412,7
1413,15
1414,0
1415,0
1416,0
1417,4
1418,0
1419,9
1420,0
1421,0
1422,0
1423,0
1424,0
1425,0
1426,1
1427,0
1428,11
1429,12
1430,0
1431,7
1432,2
1433,1
1434,2
1435,0
1436,3
1437,0
1438,0
1439,0
1440,0
1441,1
1442,6
1443,10
1444,1
1445,1
1446,0
1447,0
1448,3
1449,0
1450,7
1451,0
1452,8
1453,1
1454,4
1455,0
1456,2
1457,2
1458,0
1459,1
1460,7
1461,1
1462,0
1463,0
1464,0
1465,0
1466,0
1467,0
1468,0
1469,0
1470,0
1471,0
1472,17
1473,0
1474,11
1475,1
1476,2
1477,0
1478,0
1479,2
1480,2
1481,0
1482,0
1483,0
1484,9
1485,8
1486,1
1487,0
1488,0
1489,2
1490,0
1491,0
1492,0
1493,0
1494,0
1495,2
1496,0
1497,0
1498,1
1499,0
1500,0
1501,0
1502,0
1503,4
1504,0
1505,3
1506,4
1507,3
1508,4
1509,0
1510,0
1511,6
1512,0
1513,0
1514,1
1515,0
1516,13
1517,0
1518,4
1519,2
1520,0
1521,0
1522,3
1523,1
1524,0
1525,0
1526,5
1527,0
1528,0
1529,0
1530,0
1531,0
1532,0
1533,0
1534,13
1535,0
1536,0
1537,0
1538,0
1539,3
1540,6
1541,8
1542,1
1543,0
1544,0
1545,1
1546,0
1547,0
1548,0
1549,4
1550,0
1551,0
1552,0
1553,3
1554,4
1555,1
1556,2
1557,0
1558,3
1559,0
1560,25
1561,30
1562,34
1563,7
1564,3
1565,2
1566,3
1567,0
1568,0
1569,0
1570,2
1571,0
1572,3
1573,5
1574,0
1575,2
1576,6
1577,2
1578,6
1579,0
1580,12
1581,0
1582,2
1583,3
1584,12
1585,5
1586,8
1587,2
1588,4
1589,0
1590,0
1591,1
1592,0
1593,0
1594,0
1595,4
1596,2
1597,1
1598,0
1599,0
1600,5
1601,0
1602,5
1603,2
1604,0
1605,0
1606,0
1607,5
1608,0
1609,0
1610,0
1611,9
1612,19
1613,0
1614,0
1615,3
1616,3
1617,2
1618,2
1619,2
1620,1
1621,3
1622,3
1623,0
1624,1
1625,7
1626,3
1627,4
1628,0
1629,0
1630,0
1631,0
1632,0
1633,0
1634,0
1635,2
1636,0
1637,0
1638,0
1639,1
1640,0
1641,0
1642,1
1643,0
1644,0
1645,0
1646,0
1647,0
1648,0
1649,0
1650,1
1651,0
1652,0
1653,2
1654,0
1655,0
1656,6
1657,4
1658,13
1659,9
1660,3
1661,1
1662,0
1663,0
1664,8
1665,1
1666,1
1667,1
1668,0
1669,5
1670,2
1671,0
1672,5
1673,4
1674,4
1675,1
1676,0
1677,0
1678,0
1679,0
1680,0
1681,0
1682,1
1683,3
1684,11
1685,6
1686,1
1687,0
1688,0
1689,0
1690,1
1691,0
1692,3
1693,13
1694,1
1695,1
1696,12
1697,2
1698,1
1699,0
1700,0
1701,0
1702,0
1703,7
1704,27
1705,19
1706,0
1707,1
1708,7
1709,0
1710,3
1711,8
1712,2
1713,12
1714,2
1715,2
1716,4
1717,0
1718,0
1719,5
1720,1
1721,5
1722,5
1723,0
1724,15
1725,1
1726,0
1727,2
1728,42
1729,6
1730,2
1731,0
1732,13
1733,4
1734,9
1735,10
1736,3
1737,3
1738,3
1739,3
1740,3
1741,0
1742,4
1743,0
1744,2
1745,7
1746,4
1747,12
1748,5
1749,7
1750,3
1751,0
1752,0
1753,0
1754,0
1755,0
1756,0
1757,0
1758,0
1759,0
1760,7
1761,0
1762,5
1763,0
1764,2
1765,0
1766,8
1767,0
1768,0
1769,0
1770,8
1771,4
1772,0
1773,2
1774,11
1775,3
1776,39
1777,0
1778,4
1779,4
1780,5
1781,0
1782,16
1783,2
1784,120
1785,0
1786,4
1787,5
1788,6
1789,0
1790,5
1791,0
1792,2
1793,0
1794,1
1795,0
1796,2
1797,2
1798,1
1799,9
1800,0
1801,89
1802,13
1803,2
1804,5
1805,2
1806,2
1807,1
1808,5
1809,1
1810,4
1811,1
1812,0
1813,0
1814,1
1815,0
1816,0
1817,2
1818,0
1819,0
1820,0
1821,0
1822,0
1823,0
1824,0
1825,0
1826,2
1827,0
1828,1
1829,0
1830,0
1831,1
1832,12
1833,1
1834,2
1835,10
1836,9
1837,0
1838,46
1839,0
1840,1
1841,3
1842,0
1843,0
1844,0
1845,1
1846,0
1847,1
1848,10
1849,14
1850,0
1851,0
1852,2
1853,14
1854,0
1855,1
1856,6
1857,9
1858,2
1859,5
1860,2
1861,0
1862,2
1863,0
1864,4
1865,1
1866,6
1867,2
1868,6
1869,1
1870,4
1871,0
1872,3
1873,0
1874,0
1875,3
1876,2
1877,0
1878,2
1879,0
1880,0
1881,3
1882,0
1883,1
1884,10
1885,0
1886,0
1887,0
1888,0
1889,11
1890,0
1891,51
1892,2
1893,0
1894,3
1895,7
1896,1
1897,0
1898,0
1899,0
1900,0
1901,0
1902,0
1903,0
1904,0
1905,4
1906,0
1907,1
1908,0
1909,0
1910,4
1911,1
1912,1
1913,0
1914,1
1915,2
1916,6
1917,1
1918,0
1919,49
1920,1
1921,8
1922,8
1923,6
1924,0
1925,0
1926,0
1927,2
1928,3
1929,0
1930,19
1931,1
1932,0
1933,4
1934,0
1935,7
1936,11
1937,6
1938,4
1939,0
1940,1
1941,0
1942,1
1943,1
1944,0
1945,7
1946,7
1947,1
1948,0
1949,9
1950,2
1951,0
1952,3
1953,0
1954,6
1955,3
1956,1
1957,1
1958,4
1959,0
1960,4
1961,0
1962,6
1963,0
1964,11
1965,12
1966,1
1967,9
1968,2
1969,3
1970,1
1971,1
1972,0
1973,0
1974,3
1975,4
1976,0
1977,0
1978,2
1979,0
1980,2
1981,23
1982,2
1983,2
1984,1
1985,17
1986,13
1987,5
1988,17
1989,83
1990,2
1991,1
1992,8
1993,0
1994,10
1995,5
1996,0
1997,0
1998,0
1999,1
2000,0
2001,2
2002,6
2003,1
2004,0
2005,5
2006,0
2007,3
2008,0
2009,0
2010,0
2011,0
2012,0
2013,0
2014,8
2015,4
2016,5
2017,2
2018,3
2019,0
2020,7
2021,1
2022,0
2023,2
2024,1
2025,3
2026,7
2027,2
2028,1
2029,2
2030,1
2031,1
2032,3
2033,3
2034,1
2035,0
2036,6
2037,3
2038,0
2039,1
2040,10
2041,1
2042,0
2043,9
2044,0
2045,0
2046,1
2047,2
2048,2
2049,0
2050,1
2051,1
2052,0
2053,1
2054,16
2055,0
2056,0
2057,3
2058,0
2059,0
2060,0
2061,0
2062,0
2063,0
2064,0
2065,0
2066,0
2067,0
2068,0
2069,0
2070,0
2071,0
2072,0
2073,0
2074,0
2075,0
2076,0
2077,0
2078,0
2079,0
2080,0
2081,0
2082,0
2083,0
2084,0
2085,0
2086,0
2087,0
2088,0
2089,0
2090,0
2091,0
2092,0
2093,0
2094,24
2095,3
2096,1
2097,0
2098,0
2099,1
2100,0
2101,0
2102,3
2103,0
2104,0
2105,0
2106,0
2107,0
2108,0
2109,0
2110,0
2111,0
2112,8
2113,2
2114,0
2115,0
2116,1
2117,0
2118,0
2119,0
2120,0
2121,0
2122,0
2123,0
2124,0
2125,0
2126,0
2127,0
2128,0
2129,2
2130,0
2131,1
2132,0
2133,0
2134,0
2135,0
2136,4
2137,0
2138,0
2139,0
2140,2
2141,0
2142,10
2143,0
2144,0
2145,0
2146,0
2147,0
2148,0
2149,0
2150,0
2151,3
2152,3
2153,10
2154,2
2155,6
2156,4
2157,3
2158,1
2159,9
2160,0
2161,2
2162,2
2163,6
2164,0
2165,3
2166,2
2167,4
2168,2
2169,19
2170,3
2171,0
2172,0
2173,3
2174,0
2175,4
2176,6
2177,2
2178,1
2179,8
2180,2
2181,0
2182,7
2183,5
2184,2
2185,3
2186,10
2187,2
2188,4
2189,6
2190,10
2191,0
2192,0
2193,0
2194,0
2195,0
2196,0
2197,0
2198,0
2199,0
2200,6
2201,1
2202,0
2203,2
2204,2
2205,5
2206,8
2207,0
2208,0
2209,0
2210,0
2211,0
2212,0
2213,6
2214,8
2215,5
2216,3
2217,5
2218,7
2219,4
2220,0
2221,9
2222,0
2223,2
2224,5
2225,12
2226,0
2227,7
2228,6
2229,1
2230,2
2231,0
2232,3
2233,2
2234,0
2235,4
2236,1
2237,4
2238,0
2239,0
2240,0
2241,0
2242,0
2243,0
2244,0
2245,1
2246,0
2247,0
2248,0
2249,0
2250,2
2251,0
2252,5
2253,0
2254,0
2255,5
2256,0
2257,0
2258,4
2259,4
2260,2
2261,12
2262,0
2263,0
2264,1
2265,1
2266,9
2267,0
2268,0
2269,0
2270,0
2271,0
2272,0
2273,1
2274,15
2275,4
2276,4
2277,2
2278,5
2279,4
2280,0
2281,0
2282,3
2283,4
2284,8
2285,0
2286,0
2287,2
2288,1
2289,0
2290,1
2291,0
2292,0
2293,0
2294,1
2295,0
2296,0
2297,1
2298,5
2299,2
2300,3
2301,3
2302,3
2303,1
2304,3
2305,2
2306,2
2307,4
2308,1
2309,2
2310,0
2311,4
2312,0
2313,4
2314,1
2315,0
2316,4
2317,2
2318,0
2319,1
2320,5
2321,3
2322,1
2323,2
2324,0
2325,0
2326,0
2327,0
2328,1
2329,0
2330,4
2331,11
2332,0
2333,7
2334,0
2335,1
2336,1
2337,1
2338,13
2339,1
2340,0
2341,0
2342,3
2343,0
2344,3
2345,0
2346,11
2347,0
2348,8
2349,3
2350,5
2351,10
2352,2
2353,1
2354,3
2355,3
2356,0
2357,0
2358,0
2359,0
2360,1
2361,1
2362,0
2363,0
2364,0
2365,0
2366,3
2367,0
2368,4
2369,3
2370,4
2371,0
2372,0
2373,0
2374,4
2375,2
2376,1
2377,0
2378,0
2379,0
2380,0
2381,0
2382,0
2383,8
2384,0
2385,0
2386,0
2387,4
2388,0
2389,2
2390,0
2391,3
2392,59
2393,0
2394,0
2395,1
2396,0
2397,0
2398,3
2399,0
2400,12
2401,7
2402,1
2403,0
2404,2
2405,1
2406,4
2407,0
2408,10
2409,0
2410,0
2411,5
2412,6
2413,0
2414,4
2415,1
2416,2
2417,1
2418,2
2419,0
2420,3
2421,5
2422,10
2423,4
2424,2
2425,0
2426,2
2427,5
2428,2
2429,0
2430,2
2431,4
2432,0
2433,0
2434,0
2435,9
2436,3
2437,14
2438,2
2439,4
2440,0
2441,0
2442,0
2443,0
2444,0
2445,3
2446,3
2447,2
2448,4
2449,3
2450,1
2451,6
2452,5
2453,4
2454,0
2455,0
2456,0
2457,0
2458,0
2459,0
2460,5
2461,0
2462,3
2463,0
2464,0
2465,0
2466,8
2467,0
2468,2
2469,1
2470,0
2471,0
2472,0
2473,2
2474,0
2475,11
2476,0
2477,0
2478,0
2479,0
2480,0
2481,7
2482,2
2483,0
2484,0
2485,0
2486,1
2487,3
2488,0
2489,4
2490,1
2491,24
2492,0
2493,0
2494,0
2495,0
2496,0
2497,0
2498,0
2499,0
2500,0
2501,0
2502,0
2503,0
2504,0
2505,0
2506,0
2507,0
2508,0
2509,0
2510,0
2511,0
2512,9
2513,0
2514,0
2515,3
2516,0
2517,42
2518,3
2519,1
2520,1
2521,10
2522,10
2523,13
2524,8
2525,2
2526,0
2527,5
2528,2
2529,0
2530,2
2531,10
2532,0
2533,6
2534,7
2535,2
2536,9
2537,1
2538,12
2539,3
2540,8
2541,0
2542,15
2543,1
2544,4
2545,6
2546,3
2547,0
2548,0
2549,0
2550,1
2551,5
2552,1
2553,4
2554,5
2555,1
2556,1
2557,0
2558,4
2559,0
2560,2
2561,2
2562,0
2563,0
2564,0
2565,3
2566,1
2567,0
2568,5
2569,10
2570,1
2571,1
2572,9
2573,0
2574,7
2575,0
2576,12
2577,5
2578,2
2579,29
2580,10
2581,2
2582,5
2583,5
2584,5
2585,0
2586,2
2587,0
2588,2
2589,5
2590,6
2591,19
2592,0
2593,4
2594,0
2595,0
2596,0
2597,0
2598,1
2599,0
2600,0
2601,8
2602,0
2603,0
2604,0
2605,1
2606,0
2607,2
2608,0
2609,1
2610,0
2611,0
2612,2
2613,0
2614,8
2615,0
2616,5
2617,1
2618,4
2619,0
2620,2
2621,0
2622,0
2623,1
2624,13
2625,2
2626,0
2627,7
2628,0
2629,0
2630,0
2631,0
2632,0
2633,0
2634,7
2635,0
2636,0
2637,0
2638,9
2639,4
2640,5
2641,2
2642,9
2643,0
2644,4
2645,6
2646,9
2647,7
2648,0
2649,2
2650,12
2651,1
2652,0
2653,0
2654,3
2655,8
2656,3
2657,3
2658,0
2659,0
2660,5
2661,4
2662,11
2663,1
2664,0
2665,2
2666,2
2667,0
2668,1
2669,0
2670,0
2671,1
2672,0
2673,2
2674,0
2675,0
2676,0
2677,8
2678,64
2679,1
2680,5
2681,0
2682,8
2683,0
2684,2
2685,5
2686,9
2687,5
2688,0
2689,1
2690,8
2691,0
2692,0
2693,0
2694,5
2695,0
2696,22
2697,13
2698,25
2699,0
2700,4
2701,0
2702,7
2703,2
2704,0
2705,0
2706,0
2707,7
2708,9
2709,8
2710,6
2711,10
2712,8
2713,4
2714,13
2715,2
2716,0
2717,0
2718,16
2719,14
2720,0
2721,0
2722,41
2723,1
2724,3
2725,8
2726,11
2727,0
2728,0
2729,2
2730,8
2731,46
2732,15
2733,10
2734,12
2735,0
2736,0
2737,0
2738,9
2739,4
2740,4
2741,1
2742,3
2743,4
2744,1
2745,2
2746,2
2747,0
2748,2
2749,13
2750,0
2751,6
2752,6
2753,10
2754,1
2755,7
2756,35
2757,0
2758,0
2759,34
2760,4
2761,10
2762,0
2763,0
2764,0
2765,0
2766,14
2767,3
2768,0
2769,0
2770,0
2771,15
2772,2
2773,12
2774,1
2775,6
2776,0
2777,16
2778,6
2779,5
2780,1
2781,12
2782,4
2783,11
2784,3
2785,1
2786,1
2787,10
2788,5
2789,38
2790,2
2791,6
2792,0
2793,4
2794,8
2795,12
2796,32
2797,0
2798,0
2799,6
2800,0
2801,11
2802,0
2803,1
2804,0
2805,4
2806,1
2807,2
2808,2
2809,5
2810,3
2811,1
2812,1
2813,10
2814,2
2815,0
2816,0
2817,2
2818,0
2819,2
2820,0
2821,1
2822,7
2823,54
2824,6
2825,2
2826,9
2827,0
2828,0
2829,0
2830,12
2831,3
2832,0
2833,0
2834,2
2835,0
2836,4
2837,1
2838,0
2839,9
2840,29
2841,6
2842,7
2843,19
2844,12
2845,1
2846,0
2847,0
2848,0
2849,1
2850,4
2851,8
2852,3
2853,3
2854,1
2855,1
2856,0
2857,9
2858,2
2859,10
2860,5
2861,2
2862,13
2863,11
2864,0
2865,0
2866,7
2867,1
2868,2
2869,0
2870,9
2871,1
2872,8
2873,0
2874,0
2875,2
2876,3
2877,0
2878,5
2879,14
2880,2
2881,7
2882,2
2883,4
2884,0
2885,1
2886,2
2887,0
2888,0
2889,0
2890,7
2891,1
2892,3
2893,5
2894,6
2895,3
2896,0
2897,3
2898,0
2899,2
2900,2
2901,3
2902,3
2903,0
2904,0
2905,0
2906,3
2907,7
2908,2
2909,10
2910,13
2911,1
2912,0
2913,8
2914,3
2915,0
2916,0
2917,8
2918,0
2919,14
2920,8
2921,0
2922,0
2923,6
2924,0
2925,4
2926,0
2927,2
2928,9
2929,0
2930,0
2931,0
2932,0
2933,0
2934,0
2935,0
2936,0
2937,0
2938,0
2939,0
2940,0
2941,0
2942,1
2943,1
2944,5
2945,1
2946,0
2947,0
2948,0
2949,0
2950,0
2951,0
2952,0
2953,0
2954,0
2955,0
2956,2
2957,1
2958,0
2959,0
2960,1
2961,0
2962,0
2963,0
2964,0
2965,0
2966,0
2967,0
2968,0
2969,0
2970,4
2971,0
2972,1
2973,1
2974,2
2975,0
2976,1
2977,0
2978,0
2979,5
2980,4
2981,2
2982,0
2983,0
2984,0
2985,1
2986,2
2987,1
2988,3
2989,0
2990,0
2991,0
2992,0
2993,1
2994,0
2995,5
2996,6
2997,5
2998,3
2999,15
3000,3
3001,3
3002,4
3003,13
3004,5
3005,5
3006,4
3007,3
3008,5
3009,0
3010,5
3011,2
3012,5
3013,2
3014,4
3015,1
3016,0
3017,10
3018,0
3019,12
3020,2
3021,2
3022,1
3023,0
3024,0
3025,14
3026,0
3027,5
3028,2
3029,3
3030,21
3031,2
3032,0
3033,0
3034,2
3035,0
3036,0
3037,19
3038,3
3039,3
3040,13
3041,3
3042,1
3043,3
3044,0
3045,1
3046,0
3047,2
3048,10
3049,0
3050,7
3051,3
3052,37
3053,0
3054,0
3055,3
3056,0
3057,0
3058,0
3059,0
3060,1
3061,18
3062,3
3063,3
3064,0
3065,29
3066,3
3067,0
3068,0
3069,1
3070,0
3071,12
3072,1
3073,0
3074,4
3075,3
3076,5
3077,4
3078,4
3079,2
3080,13
3081,3
3082,40
3083,0
3084,1
3085,6
3086,4
3087,0
3088,0
3089,0
3090,3
3091,1
3092,7
3093,2
3094,0
3095,2
3096,12
3097,0
3098,4
3099,4
3100,0
3101,0
3102,0
3103,0
3104,0
3105,0
3106,0
3107,0
3108,0
3109,0
3110,0
3111,0
3112,0
3113,7
3114,3
3115,0
3116,0
3117,0
3118,2
3119,9
3120,0
3121,3
3122,8
3123,0
3124,2
3125,5
3126,0
3127,0
3128,22
3129,2
3130,0
3131,3
3132,1
3133,5
3134,3
3135,0
3136,6
3137,0
3138,7
3139,2
3140,6
3141,9
3142,2
3143,0
3144,0
3145,4
3146,2
3147,3
3148,0
3149,2
3150,10
3151,4
3152,4
3153,0
3154,3
3155,11
3156,3
3157,8
3158,4
3159,28
3160,0
3161,9
3162,1
3163,1
3164,5
3165,0
3166,1
3167,3
3168,7
3169,0
3170,5
3171,0
3172,9
3173,0
3174,0
3175,0
3176,0
3177,0
3178,0
3179,0
3180,2
3181,2
3182,10
3183,1
3184,5
3185,7
3186,0
3187,3
3188,1
3189,1
3190,3
3191,1
3192,6
3193,3
3194,0
3195,3
3196,8
3197,0
3198,0
3199,7
3200,15
3201,1
3202,16
3203,5
3204,4
3205,9
3206,4
3207,0
3208,0
3209,11
3210,0
3211,0
3212,3
3213,5
3214,0
3215,8
3216,0
3217,3
3218,6
3219,1
3220,10
3221,1
3222,3
3223,4
3224,5
3225,0
3226,0
3227,0
3228,0
3229,2
3230,0
3231,0
3232,15
3233,2
3234,1
3235,0
3236,2
3237,4
3238,18
3239,3
3240,1
3241,5
3242,0
3243,0
3244,3
3245,3
3246,4
3247,0
3248,8
3249,9
3250,12
3251,14
3252,4
3253,0
3254,0
3255,5
3256,25
3257,0
3258,8
3259,2
3260,5
3261,0
3262,0
3263,1
3264,12
3265,0
3266,0
3267,6
3268,0
3269,0
3270,2
3271,4
3272,0
3273,0
3274,0
3275,0
3276,0
3277,0
3278,0
3279,0
3280,0
3281,0
3282,0
3283,0
3284,0
3285,0
3286,0
3287,0
3288,0
3289,0
3290,0
3291,0
3292,0
3293,0
3294,0
3295,0
3296,0
3297,0
3298,0
3299,0
3300,0
3301,0
3302,0
3303,0
3304,0
3305,0
3306,0
3307,0
3308,2
3309,0
3310,0
3311,9
3312,0
3313,0
3314,0
3315,0
3316,0
3317,3
3318,0
3319,0
3320,1
3321,0
3322,8
3323,1
3324,0
3325,4
3326,0
3327,2
3328,3
3329,3
3330,0
3331,12
3332,0
3333,0
3334,0
3335,0
3336,0
3337,0
3338,2
3339,7
3340,0
3341,0
3342,6
3343,1
3344,1
3345,1
3346,4
3347,4
3348,1
3349,4
3350,10
3351,6
3352,71
3353,1
3354,1
3355,0
3356,21
3357,0
3358,0
3359,0
3360,8
3361,0
3362,0
3363,0
3364,4
3365,0
3366,0
3367,1
3368,11
3369,0
3370,17
3371,0
3372,0
3373,0
3374,0
3375,0
3376,0
3377,0
3378,1
3379,2
3380,3
3381,0
3382,2
3383,0
3384,0
3385,0
3386,1
3387,2
3388,0
3389,0
3390,0
3391,0
3392,0
3393,5
3394,8
3395,0
3396,5
3397,3
3398,5
3399,1
3400,9
3401,1
3402,0
3403,1
3404,4
3405,0
3406,0
3407,3
3408,5
3409,0
3410,7
3411,2
3412,2
3413,5
3414,0
3415,5
3416,2
3417,0
3418,8
3419,3
3420,8
3421,7
3422,5
3423,2
3424,5
3425,0
3426,0
3427,0
3428,7
3429,3
3430,0
3431,1
3432,1
3433,0
3434,2
3435,1
3436,2
3437,0
3438,0
3439,0
3440,0
3441,0
3442,0
3443,0
3444,0
3445,0
3446,0
3447,0
3448,14
3449,4
3450,1
3451,0
3452,1
3453,0
3454,0
3455,0
3456,0
3457,10
3458,0
3459,0
3460,0
3461,0
3462,0
3463,0
3464,0
3465,0
3466,7
3467,0
3468,6
3469,2
3470,2
3471,65
3472,4
3473,0
3474,0
3475,0
3476,0
3477,11
3478,0
3479,3
3480,0
3481,1
3482,0
3483,1
3484,0
3485,0
3486,0
3487,0
3488,0
3489,2
3490,0
3491,0
3492,0
3493,0
3494,0
3495,0
3496,0
3497,0
3498,0
3499,0
3500,0
3501,0
3502,0
3503,0
3504,0
3505,1
3506,4
3507,5
3508,0
3509,8
3510,1
3511,2
3512,0
3513,11
3514,4
3515,0
3516,5
3517,0
3518,11
3519,7
3520,4
3521,4
3522,3
3523,2
3524,4
3525,5
3526,3
3527,0
3528,8
3529,0
3530,3
3531,22
3532,6
3533,28
3534,12
3535,2
3536,7
3537,2
3538,0
3539,6
3540,3
3541,3
3542,4
3543,21
3544,16
3545,6
3546,7
3547,0
3548,7
3549,1
3550,4
3551,50
3552,6
3553,5
3554,9
3555,0
3556,9
3557,4
3558,0
3559,6
3560,0
3561,16
3562,13
3563,1
3564,18
3565,4
3566,0
3567,0
3568,4
3569,3
3570,6
3571,1
3572,0
3573,0
3574,2
3575,0
3576,4
3577,7
3578,1
3579,5
3580,4
3581,6
3582,4
3583,9
3584,4
3585,6
3586,0
3587,1
3588,10
3589,1
3590,0
3591,4
3592,0
3593,0
3594,8
3595,4
3596,1
3597,0
3598,0
3599,0
3600,0
3601,20
3602,0
3603,0
3604,2
3605,3
3606,0
3607,0
3608,4
3609,0
3610,5
3611,3
3612,7
3613,5
3614,4
3615,2
3616,2
3617,0
3618,1
3619,14
3620,6
3621,3
3622,0
3623,2
3624,0
3625,1
3626,1
3627,0
3628,2
3629,0
3630,2
3631,13
3632,0
3633,0
3634,0
3635,0
3636,0
3637,3
3638,0
3639,1
3640,5
3641,0
3642,0
3643,1
3644,0
3645,5
3646,1
3647,1
3648,3
3649,2
3650,3
3651,16
3652,0
3653,10
3654,0
3655,0
3656,4
3657,5
3658,0
3659,3
3660,3
3661,3
3662,15
3663,4
3664,3
3665,0
3666,4
3667,16
3668,0
3669,1
3670,0
3671,1
3672,0
3673,0
3674,3
3675,2
3676,0
3677,1
3678,54
3679,2
3680,0
3681,3
3682,6
3683,3
3684,5
3685,4
3686,7
3687,34
3688,7
3689,1
3690,3
3691,5
3692,0
3693,2
3694,0
3695,1
3696,0
3697,0
3698,0
3699,1
3700,0
3701,0
3702,0
3703,2
3704,1
3705,2
3706,0
3707,3
3708,1
3709,1
3710,1
3711,0
3712,0
3713,2
3714,0
3715,0
3716,0
3717,0
3718,0
3719,0
3720,0
3721,7
3722,0
3723,0
3724,0
3725,0
3726,0
3727,0
3728,1
3729,0
3730,0
3731,2
3732,1
3733,1
3734,0
3735,3
3736,1
3737,1
3738,13
3739,8
3740,0
3741,0
3742,0
3743,0
3744,0
3745,0
3746,0
3747,0
3748,0
3749,0
3750,0
3751,0
3752,0
3753,0
3754,0
3755,0
3756,0
3757,0
3758,0
3759,3
3760,1
3761,0
3762,1
3763,3
3764,8
3765,0
3766,1
3767,5
3768,8
3769,0
3770,2
3771,1
3772,2
3773,0
3774,1
3775,0
3776,7
3777,1
3778,0
3779,0
3780,1
3781,1
3782,33
3783,6
3784,2
3785,4
3786,1
3787,2
3788,0
3789,0
3790,9
3791,10
3792,5
3793,6
3794,0
3795,0
3796,0
3797,6
3798,2
3799,3
3800,2
3801,14
3802,0
3803,0
3804,7
3805,2
3806,0
3807,0
3808,1
3809,1
3810,5
3811,0
3812,0
3813,2
3814,8
3815,1
3816,0
3817,6
3818,0
3819,1
3820,0
3821,2
3822,0
3823,2
3824,5
3825,3
3826,2
3827,2
3828,13
3829,2
3830,4
3831,0
3832,7
3833,22
3834,14
3835,3
3836,7
3837,9
3838,1
3839,0
3840,2
3841,0
3842,3
3843,5
3844,0
3845,1
3846,0
3847,3
3848,0
3849,1
3850,1
3851,8
3852,2
3853,6
3854,0
3855,0
3856,7
3857,3
3858,3
3859,0
3860,0
3861,0
3862,0
3863,0
3864,1
3865,0
3866,0
3867,0
3868,3
3869,11
3870,0
3871,0
3872,3
3873,3
3874,1
3875,4
3876,2
3877,17
3878,15
3879,10
3880,2
3881,10
3882,2
3883,2
3884,14
3885,1
3886,5
3887,3
3888,0
3889,1
3890,4
3891,4
3892,4
3893,0
3894,2
3895,0
3896,0
3897,0
3898,0
3899,1
3900,5
3901,3
3902,0
3903,3
3904,1
3905,0
3906,4
3907,2
3908,0
3909,1
3910,1
3911,1
3912,1
3913,0
3914,0
3915,0
3916,0
3917,0
3918,0
3919,0
3920,0
3921,0
3922,0
3923,0
3924,1
3925,0
3926,0
3927,1
3928,0
3929,0
3930,0
3931,1
3932,0
3933,1
3934,0
3935,2
3936,0
3937,0
3938,4
3939,1
3940,4
3941,0
3942,9
3943,2
3944,3
3945,0
3946,0
3947,2
3948,4
3949,0
3950,0
3951,9
3952,2
3953,5
3954,4
3955,9
3956,4
3957,0
3958,13
3959,6
3960,6
3961,5
3962,3
3963,0
3964,2
3965,4
3966,0
3967,3
3968,0
3969,3
3970,2
3971,3
3972,1
3973,1
3974,0
3975,4
3976,0
3977,0
3978,2
3979,9
3980,0
3981,2
3982,0
3983,0
3984,2
3985,7
3986,0
3987,0
3988,0
3989,0
3990,0
3991,1
3992,0
3993,5
3994,13
3995,8
3996,1
3997,3
3998,17
3999,0
4000,0
4001,14
4002,0
4003,7
4004,3
4005,10
4006,4
4007,2
4008,3
4009,0
4010,3
4011,0
4012,1
4013,10
4014,2
4015,0
4016,2
4017,0
4018,0
4019,7
4020,4
4021,10
4022,2
4023,2
4024,2
4025,0
4026,5
4027,8
4028,8
4029,3
4030,10
4031,0
4032,9
4033,0
4034,16
4035,14
4036,2
4037,2
4038,1
4039,5
4040,8
4041,16
4042,0
4043,0
4044,0
4045,0
4046,0
4047,0
4048,0
4049,0
4050,0
4051,0
4052,0
4053,1
4054,0
4055,0
4056,0
4057,2
4058,0
4059,0
4060,0
4061,0
4062,0
4063,0
4064,0
4065,0
4066,0
4067,0
4068,0
4069,2
4070,6
4071,1
4072,0
4073,8
4074,0
4075,0
4076,7
4077,0
4078,2
4079,4
4080,6
4081,1
4082,10
4083,0
4084,0
4085,0
4086,0
4087,0
4088,0
4089,0
4090,0
4091,1
4092,0
4093,0
4094,1
4095,0
4096,0
4097,0
4098,0
4099,0
4100,1
4101,0
4102,0
4103,0
4104,0
4105,0
4106,0
4107,0
4108,2
4109,2
4110,2
4111,0
4112,1
4113,37
4114,1
4115,0
4116,0
4117,0
4118,0
4119,1
4120,5
4121,0
4122,0
4123,0
4124,0
4125,6
4126,0
4127,0
4128,0
4129,0
4130,0
4131,0
4132,9
4133,3
4134,11
4135,0
4136,0
4137,0
4138,0
4139,4
4140,7
4141,0
4142,0
4143,2
4144,0
4145,0
4146,0
4147,0
4148,2
4149,0
4150,1
4151,0
4152,0
4153,0
4154,0
4155,0
4156,0
4157,0
4158,0
4159,0
4160,2
4161,0
4162,6
4163,0
4164,0
4165,0
4166,1
4167,0
4168,0
4169,9
4170,8
4171,1
4172,1
4173,9
4174,1
4175,2
4176,15
4177,0
4178,5
4179,5
4180,4
4181,1
4182,9
4183,1
4184,1
4185,0
4186,3
4187,0
4188,0
4189,0
4190,1
4191,0
4192,0
4193,0
4194,9
4195,1
4196,0
4197,7
4198,3
4199,1
4200,2
4201,3
4202,0
4203,0
4204,5
4205,0
4206,3
4207,1
4208,4
4209,3
4210,2
4211,17
4212,1
4213,2
4214,1
4215,6
4216,0
4217,2
4218,6
4219,0
4220,2
4221,0
4222,0
4223,49
4224,0
4225,2
4226,95
4227,0
4228,25
4229,0
4230,1
4231,0
4232,0
4233,0
4234,0
4235,0
4236,0
4237,0
4238,13
4239,0
4240,0
4241,0
4242,27
4243,1
4244,1
4245,4
4246,5
4247,140
4248,0
4249,9
4250,5
4251,0
4252,4
4253,6
4254,6
4255,2
4256,1
4257,1
4258,0
4259,0
4260,0
4261,0
4262,0
4263,0
4264,0
4265,0
4266,0
4267,5
4268,0
4269,1
4270,0
4271,0
4272,0
4273,0
4274,0
4275,2
4276,0
4277,14
4278,0
4279,1
4280,1
4281,11
4282,0
4283,0
4284,0
4285,0
4286,0
4287,0
4288,0
4289,0
4290,0
4291,0
4292,0
4293,0
4294,34
4295,1
4296,3
4297,0
4298,3
4299,16
4300,9
4301,1
4302,4
4303,4
4304,0
4305,3
4306,5
4307,2
4308,1
4309,3
4310,8
4311,0
4312,3
4313,0
4314,4
4315,1
4316,1
4317,2
4318,0
4319,13
4320,0
4321,2
4322,0
4323,4
4324,0
4325,11
4326,0
4327,0
4328,2
4329,0
4330,4
4331,23
4332,8
4333,6
4334,1
4335,2
4336,3
4337,0
4338,0
4339,0
4340,1
4341,0
4342,19
4343,0
4344,0
4345,0
4346,0
4347,0
4348,0
4349,0
4350,0
4351,0
4352,0
4353,0
4354,0
4355,0
4356,0
4357,0
4358,0
4359,0
4360,0
4361,0
4362,0
4363,0
4364,0
4365,0
4366,0
4367,0
4368,0
4369,0
4370,0
4371,0
4372,0
4373,0
4374,4
4375,1
4376,4
4377,0
4378,1
4379,0
4380,0
4381,6
4382,5
4383,2
4384,4
4385,5
4386,0
4387,1
4388,2
4389,4
4390,0
4391,9
4392,0
4393,0
4394,2
4395,0
4396,0
4397,0
4398,0
4399,0
4400,7
4401,5
4402,2
4403,0
4404,2
4405,0
4406,5
4407,0
4408,0
4409,0
4410,0
4411,1
4412,0
4413,0
4414,0
4415,0
4416,7
4417,5
4418,0
4419,0
4420,0
4421,1
4422,0
4423,0
4424,7
4425,2
4426,0
4427,0
4428,5
4429,3
4430,3
4431,7
4432,0
4433,10
4434,0
4435,8
4436,1
4437,3
4438,0
4439,2
4440,11
4441,0
4442,2
4443,0
4444,0
4445,0
4446,0
4447,0
4448,1
4449,0
4450,10
4451,1
4452,2
4453,9
4454,1
4455,0
4456,13
4457,12
4458,0
4459,0
4460,22
4461,1
4462,5
4463,0
4464,9
4465,4
4466,2
4467,3
4468,4
4469,3
4470,1
4471,0
4472,1
4473,11
4474,0
4475,20
4476,2
4477,2
4478,4
4479,2
4480,0
4481,5
4482,3
4483,4
4484,2
4485,5
4486,1
4487,2
4488,4
4489,3
4490,0
4491,0
4492,0
4493,10
4494,11
4495,8
4496,3
4497,0
4498,0
4499,0
4500,0
4501,0
4502,0
4503,0
4504,0
4505,0
4506,0
4507,0
4508,0
4509,4
4510,0
4511,0
4512,0
4513,0
4514,0
4515,1
4516,0
4517,1
4518,0
4519,0
4520,0
4521,0
4522,0
4523,2
4524,5
4525,0
4526,0
4527,0
4528,0
4529,4
4530,5
4531,5
4532,5
4533,5
4534,2
4535,9
4536,1
4537,3
4538,0
4539,0
4540,8
4541,0
4542,4
4543,2
4544,7
4545,7
4546,0
4547,0
4548,1
4549,2
4550,0
4551,4
4552,5
4553,0
4554,0
4555,0
4556,0
4557,0
4558,2
4559,10
4560,0
4561,3
4562,3
4563,0
4564,0
4565,2
4566,0
4567,0
4568,0
4569,8
4570,5
4571,1
4572,2
4573,15
4574,0
4575,23
4576,0
4577,5
4578,0
4579,4
4580,8
4581,0
4582,1
4583,2
4584,6
4585,5
4586,0
4587,3
4588,2
4589,0
4590,2
4591,0
4592,1
4593,1
4594,19
4595,0
4596,0
4597,3
4598,0
4599,5
4600,2
4601,0
4602,4
4603,0
4604,6
4605,4
4606,0
4607,7
4608,0
4609,0
4610,5
4611,1
4612,2
4613,3
4614,0
4615,0
4616,0
4617,2
4618,2
4619,0
4620,7
4621,4
4622,1
4623,0
4624,14
4625,2
4626,0
4627,0
4628,0
4629,1
4630,0
4631,0
4632,16
4633,7
4634,0
4635,3
4636,0
4637,8
4638,4
4639,9
4640,4
4641,2
4642,0
4643,1
4644,1
4645,0
4646,17
4647,1
4648,0
4649,2
4650,0
4651,0
4652,2
4653,0
4654,3
4655,7
4656,0
4657,3
4658,2
4659,0
4660,0
4661,0
4662,5
4663,0
4664,4
4665,0
4666,0
4667,0
4668,0
4669,0
4670,1
4671,0
4672,0
4673,0
4674,0
4675,1
4676,3
4677,3
4678,2
4679,16
4680,3
4681,2
4682,1
4683,2
4684,0
4685,0
4686,2
4687,2
4688,1
4689,0
4690,3
4691,6
4692,13
4693,4
4694,0
4695,1
4696,13
4697,0
4698,0
4699,0
4700,0
4701,12
4702,8
4703,0
4704,2
4705,0
4706,0
4707,0
4708,0
4709,2
4710,6
4711,1
4712,0
4713,17
4714,0
4715,31
4716,2
4717,14
4718,14
4719,9
4720,7
4721,2
4722,22
4723,0
4724,8
4725,1
4726,0
4727,3
4728,0
4729,4
4730,5
4731,0
4732,17
4733,0
4734,0
4735,2
4736,0
4737,0
4738,3
4739,3
4740,3
4741,4
4742,2
4743,2
4744,2
4745,10
4746,1
4747,1
4748,2
4749,4
4750,1
4751,1
4752,2
4753,1
4754,2
4755,2
4756,2
4757,7
4758,20
4759,1
4760,4
4761,5
4762,2
4763,6
4764,2
4765,2
4766,0
4767,2
4768,1
4769,2
4770,0
4771,1
4772,1
4773,6
4774,0
4775,7
4776,0
4777,4
4778,1
4779,0
4780,33
4781,6
4782,6
4783,0
4784,0
4785,5
4786,5
4787,4
4788,31
4789,21
4790,0
4791,3
4792,1
4793,3
4794,0
4795,0
4796,0
4797,2
4798,17
4799,5
4800,2
4801,0
4802,1
4803,1
4804,1
4805,2
4806,0
4807,3
4808,1
4809,3
4810,2
4811,0
4812,0
4813,4
4814,3
4815,3
4816,0
4817,1
4818,0
4819,4
4820,0
4821,2
4822,2
4823,34
4824,9
4825,1
4826,2
4827,0
4828,0
4829,0
4830,0
4831,0
4832,1
4833,0
4834,0
4835,0
4836,1
4837,2
4838,0
4839,1
4840,0
4841,3
4842,5
4843,10
4844,0
4845,0
4846,0
4847,0
4848,0
4849,0
4850,0
4851,0
4852,1
4853,3
4854,14
4855,0
4856,5
4857,10
4858,0
4859,4
4860,1
4861,0
4862,3
4863,0
4864,0
4865,0
4866,0
4867,0
4868,0
4869,0
4870,0
4871,0
4872,0
4873,1
4874,0
4875,0
4876,3
4877,0
4878,0
4879,0
4880,17
4881,2
4882,13
4883,8
4884,1
4885,10
4886,0
4887,21
4888,28
4889,5
4890,1
4891,0
4892,0
4893,0
4894,0
4895,0
4896,0
4897,0
4898,0
4899,0
4900,0
4901,0
4902,0
4903,0
4904,0
4905,0
4906,0
4907,0
4908,0
4909,0
4910,0
4911,0
4912,0
4913,0
4914,2
4915,0
4916,0
4917,1
4918,0
4919,4
4920,0
4921,2
4922,2
4923,1
4924,1
4925,0
4926,2
4927,48
4928,0
4929,0
4930,0
4931,0
4932,1
4933,0
4934,8
4935,3
4936,0
4937,1
4938,7
4939,2
4940,2
4941,2
4942,0
4943,0
4944,5
4945,0
4946,0
4947,16
4948,2
4949,0
4950,1
4951,7
4952,0
4953,5
4954,1
4955,2
4956,0
4957,20
4958,5
4959,11
4960,6
4961,25
4962,37
4963,25
4964,3
4965,3
4966,2
4967,0
4968,0
4969,0
4970,4
4971,9
4972,2
4973,1
4974,9
4975,5
4976,4
4977,0
4978,11
4979,0
4980,11
4981,17
4982,9
4983,1
4984,5
4985,1
4986,0
4987,0
4988,0
4989,9
4990,0
4991,3
4992,2
4993,7
4994,5
4995,0
4996,0
4997,0
4998,14
4999,0
5000,0
5001,45
5002,0
5003,2
5004,1
5005,2
5006,1
5007,0
5008,0
5009,11
5010,4
5011,1
5012,13
5013,6
5014,2
5015,10
5016,0
5017,11
5018,2
5019,4
5020,2
5021,2
5022,0
5023,5
5024,0
5025,0
5026,1
5027,0
5028,5
5029,3
5030,1
5031,43
5032,30
5033,9
5034,14
5035,16
5036,0
5037,4
5038,3
5039,5
5040,0
5041,0
5042,0
5043,0
5044,4
5045,2
5046,1
5047,0
5048,3
5049,0
5050,0
5051,0
5052,1
5053,3
5054,13
5055,0
5056,19
5057,11
5058,2
5059,13
5060,0
5061,0
5062,1
5063,0
5064,0
5065,17
5066,9
5067,2
5068,3
5069,4
5070,0
5071,0
5072,8
5073,7
5074,2
5075,0
5076,3
5077,2
5078,0
5079,0
5080,0
5081,4
5082,1
5083,2
5084,1
5085,1
5086,0
5087,23
5088,0
5089,3
5090,3
5091,6
5092,5
5093,4
5094,21
5095,0
5096,3
5097,0
5098,8
5099,0
5100,0
5101,1
5102,11
5103,2
5104,2
5105,0
5106,3
5107,4
5108,14
5109,3
5110,0
5111,0
5112,0
5113,0
5114,4
5115,14
5116,3
5117,2
5118,0
5119,7
5120,0
5121,3
5122,19
5123,0
5124,0
5125,1
5126,1
5127,6
5128,0
5129,1
5130,4
5131,0
5132,0
5133,7
5134,1
5135,0
5136,0
5137,0
5138,2
5139,0
5140,0
5141,3
5142,0
5143,7
5144,1
5145,1
5146,0
5147,4
5148,5
5149,1
5150,7
5151,0
5152,0
5153,2
5154,0
5155,0
5156,10
5157,23
5158,0
5159,0
5160,1
5161,0
5162,2
5163,2
5164,1
5165,2
5166,2
5167,4
5168,2
5169,3
5170,1
5171,0
5172,1
5173,1
5174,9
5175,0
5176,1
5177,1
5178,0
5179,1
5180,4
5181,1
5182,1
5183,0
5184,0
5185,0
5186,0
5187,1
5188,0
5189,5
5190,15
5191,1
5192,2
5193,5
5194,1
5195,2
5196,2
5197,8
5198,2
5199,2
5200,9
5201,6
5202,4
5203,6
5204,14
5205,0
5206,0
5207,0
5208,2
5209,2
5210,2
5211,2
5212,2
5213,4
5214,1
5215,6
5216,0
5217,0
5218,0
5219,0
5220,4
5221,10
5222,0
5223,3
5224,23
5225,15
5226,20
5227,0
5228,0
5229,2
5230,6
5231,3
5232,0
5233,10
5234,0
5235,1
5236,0
5237,1
5238,5
5239,3
5240,1
5241,16
5242,0
5243,0
5244,9
5245,7
5246,0
5247,2
5248,14
5249,4
5250,1
5251,7
5252,5
5253,9
5254,3
5255,1
5256,23
5257,1
5258,7
5259,6
5260,0
5261,0
5262,0
5263,0
5264,5
5265,0
5266,4
5267,5
5268,0
5269,1
5270,0
5271,0
5272,4
5273,2
5274,1
5275,2
5276,0
5277,2
5278,0
5279,3
5280,0
5281,1
5282,3
5283,2
5284,4
5285,5
5286,16
5287,0
5288,0
5289,2
5290,6
5291,0
5292,1
5293,0
5294,0
5295,0
5296,0
5297,0
5298,4
5299,0
5300,0
5301,0
5302,2
5303,0
5304,2
5305,5
5306,4
5307,2
5308,11
5309,9
5310,3
5311,14
5312,156
5313,2
5314,5
5315,0
5316,4
5317,2
5318,29
5319,53
5320,0
5321,7
5322,0
5323,0
5324,9
5325,2
5326,13
5327,19
5328,12
5329,2
5330,0
5331,0
5332,0
5333,0
5334,0
5335,0
5336,0
5337,0
5338,0
5339,0
5340,0
5341,3
5342,3
5343,50
5344,4
5345,0
5346,6
5347,8
5348,7
5349,0
5350,3
5351,0
5352,3
5353,2
5354,0
5355,2
5356,1
5357,1
5358,1
5359,3
5360,2
5361,1
5362,1
5363,1
5364,3
5365,2
5366,3
5367,0
5368,2
5369,1
5370,5
5371,2
5372,1
5373,0
5374,2
5375,3
5376,0
5377,1
5378,1
5379,1
5380,1
5381,0
5382,2
5383,0
5384,1
5385,13
5386,7
5387,5
5388,11
5389,0
5390,1
5391,0
5392,0
5393,0
5394,2
5395,0
5396,0
5397,8
5398,1
5399,0
5400,3
5401,3
5402,5
5403,1
5404,0
5405,0
5406,0
5407,0
5408,0
5409,3
5410,9
5411,4
5412,0
5413,0
5414,0
5415,0
5416,9
5417,2
5418,2
5419,2
5420,7
5421,6
5422,3
5423,0
5424,3
5425,1
5426,157
5427,23
5428,1
5429,3
5430,9
5431,0
5432,0
5433,22
5434,8
5435,4
5436,0
5437,0
5438,0
5439,0
5440,0
5441,0
5442,0
5443,0
5444,3
5445,1
5446,1
5447,0
5448,1
5449,3
5450,1
5451,1
